customer_id,customer_name,Transaction_Date,email_address,phone_number,amount,product
1,Brittany,2022-10-27,brittany@yahoo.com,23480487647593,257.3,pick
2,Jason,2022-08-07,jason@gmail.com,23480948924115,241.35,number
3,Anthony,2022-03-20,anthony@yahoo.com,23470593877840,404.46,east
4,Francisco,2023-03-03,francisco@gmail.com,23480609753513,459.34,expect
5,Derek,2022-06-22,derek@gmail.com,23481871158714,280.12,never
6,Victoria,2023-07-03,victoria@gmail.com,23490839894719,400.99,impact
7,Natasha,2022-09-04,natasha@hotmail.com,23481423209471,54.01,prevent
8,Dylan,2023-08-12,dylan@gmail.com,23481018684833,448.57,cultural
9,Denise,2023-04-04,denise@yahoo.com,23490775159179,318.77,trade
10,Bob,2022-05-28,bob@gmail.com,23480413525601,393.73,environmental
11,Michelle,2023-06-26,michelle@gmail.com,23480989101399,68.65,and
12,Nathaniel,2022-03-13,nathaniel@yahoo.com,23480090321730,469.11,adult
13,Christina,2022-01-18,christina@hotmail.com,23470914131456,98.36,air
14,Justin,2023-01-27,justin@yahoo.com,23480916345792,351.87,special
15,Joseph,2022-06-07,joseph@gmail.com,23481258419720,241.1,must
16,Brian,2022-11-15,brian@hotmail.com,23490564280715,372.12,scientist
17,Patricia,2023-02-27,patricia@yahoo.com,23481375945992,360.65,everyone
18,Emily,2022-10-29,emily@hotmail.com,23470109352337,195.54,professional
19,Elizabeth,2023-06-08,elizabeth@hotmail.com,23470069602714,353.74,military
20,Courtney,2022-12-13,courtney@hotmail.com,23470890075470,406.43,Congress
21,Adrienne,2023-09-24,adrienne@yahoo.com,23481812066503,17.0,gas
22,Christopher,2023-08-10,christopher@gmail.com,23480319344217,428.43,just
23,Jacob,2022-11-05,jacob@hotmail.com,23480047142851,437.21,raise
24,Scott,2022-08-05,scott@gmail.com,23480034855909,331.13,race
25,Antonio,2023-07-08,antonio@hotmail.com,23470658236940,77.84,natural
26,John,2022-07-30,john@yahoo.com,23490515900422,491.14,deal
27,Christopher,2022-08-13,christopher@yahoo.com,23470824173042,429.95,more
28,Nicholas,2023-07-20,nicholas@gmail.com,23490654611877,175.17,full
29,Melissa,2023-09-12,melissa@yahoo.com,23480717604522,317.1,threat
30,Brett,2022-10-19,brett@hotmail.com,23480113306016,282.67,people
31,Willie,2022-08-14,willie@yahoo.com,23470936153492,221.3,energy
32,Lauren,2022-10-06,lauren@gmail.com,23480087317643,324.09,prove
33,Jennifer,2023-09-12,jennifer@gmail.com,23481137658219,491.66,sit
34,Lucas,2022-04-26,lucas@hotmail.com,23470687577389,466.34,road
35,Andrew,2022-01-08,andrew@yahoo.com,23490508249269,154.25,read
36,Raymond,2023-07-03,raymond@yahoo.com,23480180132040,381.86,material
37,Scott,2022-12-15,scott@yahoo.com,23481275868809,54.42,hot
38,Stephanie,2023-09-09,stephanie@hotmail.com,23480634896769,297.33,name
39,Morgan,2023-09-12,morgan@gmail.com,23480248945174,472.04,economic
40,Michael,2022-08-24,michael@yahoo.com,23470602234500,245.85,environment
41,Samuel,2022-04-20,samuel@yahoo.com,23480256097670,59.73,name
42,Heather,2023-08-28,heather@gmail.com,23480099251853,197.87,no
43,Joshua,2023-08-27,joshua@yahoo.com,23480097951942,479.65,develop
44,Jennifer,2022-10-29,jennifer@yahoo.com,23480830675375,396.88,degree
45,Alex,2022-02-28,alex@gmail.com,23480740899331,390.41,bring
46,Briana,2023-05-03,briana@hotmail.com,23470841269611,213.66,seek
47,Kenneth,2022-03-19,kenneth@yahoo.com,23481076607541,182.73,majority
48,Christina,2022-04-05,christina@yahoo.com,23480552035192,111.91,third
49,Sarah,2022-06-09,sarah@hotmail.com,23480045093227,65.07,begin
50,Derrick,2022-09-25,derrick@hotmail.com,23490203557448,321.6,figure
51,Trevor,2022-05-23,trevor@hotmail.com,23480189426223,164.79,free
52,Courtney,2022-07-08,courtney@gmail.com,23481456029061,354.06,little
53,Jennifer,2022-04-13,jennifer@yahoo.com,23490862964513,227.96,responsibility
54,Tanner,2022-10-14,tanner@hotmail.com,23480660657354,476.65,fund
55,Devin,2022-03-12,devin@gmail.com,23480418927626,221.54,compare
56,Angela,2022-07-12,angela@yahoo.com,23490825717340,416.79,fear
57,Rachel,2022-12-15,rachel@hotmail.com,23470034148926,356.08,person
58,Jessica,2023-01-02,jessica@gmail.com,23470386401400,135.72,hold
59,Christina,2023-02-13,christina@hotmail.com,23470714543910,44.52,onto
60,Teresa,2022-07-23,teresa@yahoo.com,23490183216448,75.87,two
61,Curtis,2023-02-11,curtis@hotmail.com,23481816864475,288.43,herself
62,Kirsten,2022-04-18,kirsten@gmail.com,23480166972845,319.73,among
63,Connie,2023-07-31,connie@yahoo.com,23481778570742,375.15,recent
64,Michael,2022-02-10,michael@hotmail.com,23481057608116,13.15,make
65,Robert,2022-02-01,robert@gmail.com,23480443294316,235.84,face
66,Jacqueline,2022-09-14,jacqueline@yahoo.com,23481566272852,112.34,determine
67,Ashley,2022-05-26,ashley@yahoo.com,23490667633739,357.9,evening
68,Ronald,2022-10-29,ronald@gmail.com,23481125023949,52.45,couple
69,Samantha,2023-02-02,samantha@yahoo.com,23490670886977,134.83,give
70,Paula,2023-01-05,paula@gmail.com,23490400025040,78.8,the
71,Allison,2023-09-04,allison@yahoo.com,23481968373591,307.11,low
72,Brittany,2022-03-08,brittany@yahoo.com,23490875408035,49.26,arrive
73,Barbara,2023-02-12,barbara@yahoo.com,23481344486475,437.27,change
74,Mark,2022-07-06,mark@gmail.com,23490810777067,235.65,final
75,Kevin,2022-04-02,kevin@gmail.com,23480312637916,283.92,ready
76,David,2022-11-03,david@gmail.com,23481373245561,282.96,call
77,Robin,2022-08-10,robin@hotmail.com,23481478978443,18.11,truth
78,Melissa,2023-04-23,melissa@hotmail.com,23480263340886,430.96,finish
79,Christine,2022-04-05,christine@yahoo.com,23490195384331,263.9,deep
80,Stephen,2023-06-09,stephen@yahoo.com,23481574922088,170.66,a
81,Julie,2023-03-31,julie@hotmail.com,23480262281237,289.05,music
82,Natalie,2023-06-25,natalie@gmail.com,23481236599271,311.85,western
83,Heather,2022-01-21,heather@hotmail.com,23490774038277,277.55,year
84,Karen,2023-07-01,karen@gmail.com,23490296354603,28.76,represent
85,Christine,2023-07-19,christine@hotmail.com,23481573452405,291.06,test
86,Brandon,2022-02-15,brandon@hotmail.com,23481507003003,473.31,institution
87,Steven,2022-09-11,steven@gmail.com,23480562376254,96.7,certain
88,Gina,2022-09-13,gina@hotmail.com,23470606488709,461.54,program
89,Victoria,2022-11-14,victoria@yahoo.com,23481082982153,421.67,player
90,Ruben,2022-05-17,ruben@gmail.com,23480282169197,357.95,continue
91,Ariel,2023-04-23,ariel@hotmail.com,23480456007154,339.11,third
92,Brooke,2022-12-22,brooke@gmail.com,23490265476048,451.27,garden
93,Jared,2023-03-04,jared@yahoo.com,23480898407616,179.83,son
94,Mark,2022-02-09,mark@gmail.com,23490049438856,489.44,end
95,Deborah,2022-07-14,deborah@gmail.com,23480953985225,424.65,after
96,Richard,2023-09-29,richard@gmail.com,23480925544576,304.34,effort
97,Jason,2022-05-13,jason@gmail.com,23481907250749,101.95,event
98,Keith,2023-03-03,keith@yahoo.com,23490282129188,306.47,take
99,Yvonne,2023-08-10,yvonne@yahoo.com,23490440644888,165.79,the
100,Rebecca,2022-09-23,rebecca@gmail.com,23470208296570,285.18,door
101,Sandy,2022-11-16,sandy@hotmail.com,23481058235703,290.06,guy
102,Charles,2022-07-08,charles@yahoo.com,23481619737813,90.6,large
103,Traci,2022-02-20,traci@yahoo.com,23470446595140,251.33,clearly
104,Brittany,2023-08-16,brittany@yahoo.com,23481666609759,72.14,activity
105,Ariana,2023-07-06,ariana@yahoo.com,23490067820195,186.9,may
106,Victoria,2022-02-23,victoria@gmail.com,23480870505624,209.14,notice
107,Tammy,2022-04-21,tammy@hotmail.com,23481648022270,367.61,agree
108,Patricia,2023-02-08,patricia@gmail.com,23470259118243,402.1,go
109,Susan,2022-09-12,susan@hotmail.com,23490487278209,96.71,parent
110,Melissa,2023-02-02,melissa@gmail.com,23490137937825,457.21,air
111,Martha,2022-04-15,martha@yahoo.com,23480818501169,182.64,field
112,Heather,2022-12-17,heather@yahoo.com,23470851250220,175.57,voice
113,Ryan,2023-04-17,ryan@gmail.com,23480604609251,210.03,behind
114,Daisy,2022-12-09,daisy@yahoo.com,23490497620743,475.15,do
115,Kurt,2022-02-19,kurt@yahoo.com,23480105026905,233.67,ten
116,Mary,2023-03-07,mary@hotmail.com,23470710864081,419.93,sing
117,Jeremy,2022-03-04,jeremy@yahoo.com,23490170284006,175.47,tend
118,Danielle,2023-03-02,danielle@hotmail.com,23481222395076,31.64,animal
119,Jennifer,2022-07-06,jennifer@hotmail.com,23490523532675,439.49,dream
120,Kimberly,2022-04-18,kimberly@yahoo.com,23480290622005,259.94,per
121,Tiffany,2022-01-30,tiffany@gmail.com,23480992260669,457.71,chair
122,Deanna,2022-09-16,deanna@hotmail.com,23481258386126,287.39,pattern
123,Alexis,2022-09-30,alexis@gmail.com,23470637636376,461.0,describe
124,Andrew,2022-02-23,andrew@yahoo.com,23490858099734,29.75,set
125,Ralph,2022-09-07,ralph@yahoo.com,23480802606661,359.47,draw
126,Tracy,2023-04-15,tracy@yahoo.com,23481257629481,467.39,large
127,Christine,2022-09-26,christine@gmail.com,23490780342954,196.26,member
128,Jose,2022-02-02,jose@yahoo.com,23470064635221,310.43,among
129,Michelle,2022-05-09,michelle@gmail.com,23470967116882,92.92,address
130,Felicia,2022-06-11,felicia@gmail.com,23481082759451,403.26,produce
131,Andre,2022-11-14,andre@yahoo.com,23481585826843,441.44,member
132,Brandi,2022-10-22,brandi@yahoo.com,23470784661220,295.91,success
133,Russell,2023-05-08,russell@hotmail.com,23480399814926,51.83,Democrat
134,Scott,2022-01-28,scott@gmail.com,23480575175947,407.92,race
135,Luis,2022-06-27,luis@gmail.com,23480820286937,356.98,election
136,Zachary,2022-11-11,zachary@yahoo.com,23480926279061,325.59,power
137,Anthony,2022-11-11,anthony@yahoo.com,23481870791487,279.89,campaign
138,Lisa,2022-11-03,lisa@yahoo.com,23490238524927,43.73,make
139,Meredith,2022-02-23,meredith@yahoo.com,23470968147314,79.12,level
140,Mary,2023-09-23,mary@gmail.com,23481029830068,352.9,sell
141,Timothy,2023-04-13,timothy@yahoo.com,23480785510337,420.91,those
142,Mario,2022-08-30,mario@yahoo.com,23481075851149,216.92,bag
143,Lori,2023-07-28,lori@yahoo.com,23470234375469,73.39,short
144,Janice,2023-08-28,janice@gmail.com,23470587355645,486.62,fly
145,Nancy,2023-08-19,nancy@hotmail.com,23490174172532,465.53,put
146,Leonard,2022-09-20,leonard@yahoo.com,23481166787993,341.06,visit
147,Benjamin,2023-01-26,benjamin@yahoo.com,23470358017563,412.18,behavior
148,Wyatt,2022-12-02,wyatt@gmail.com,23480614352125,23.85,exist
149,Phillip,2022-02-03,phillip@gmail.com,23470802199317,106.88,trouble
150,Michael,2022-01-02,michael@hotmail.com,23470182336670,223.55,or
151,Justin,2022-10-24,justin@gmail.com,23490095557298,55.1,budget
152,Kimberly,2022-03-22,kimberly@hotmail.com,23480402926395,108.81,card
153,Amanda,2023-01-30,amanda@hotmail.com,23480817187727,278.41,remain
154,Vanessa,2022-04-11,vanessa@yahoo.com,23490619853735,245.47,less
155,Jo,2022-11-15,jo@gmail.com,23470086736347,242.8,require
156,Craig,2022-06-27,craig@yahoo.com,23490579281348,319.14,generation
157,Michelle,2022-04-06,michelle@gmail.com,23481505927636,253.09,budget
158,James,2022-05-11,james@yahoo.com,23480583528899,222.68,recognize
159,Maxwell,2023-05-08,maxwell@hotmail.com,23470939703795,282.35,when
160,Thomas,2022-06-02,thomas@gmail.com,23480023793186,463.06,despite
161,Andrea,2023-05-08,andrea@yahoo.com,23490732585767,495.11,responsibility
162,Ronnie,2022-09-04,ronnie@yahoo.com,23480231267835,355.07,dream
163,Heather,2022-01-17,heather@yahoo.com,23481169968302,270.11,them
164,Steven,2023-01-16,steven@yahoo.com,23470881197036,312.34,last
165,Daniel,2022-10-07,daniel@yahoo.com,23480039098527,136.61,beautiful
166,Douglas,2023-04-06,douglas@yahoo.com,23490366853941,31.56,together
167,Edgar,2022-09-03,edgar@hotmail.com,23470187656016,307.51,agreement
168,Kimberly,2022-04-14,kimberly@gmail.com,23480163044615,152.9,particular
169,Lauren,2023-04-24,lauren@hotmail.com,23481880588027,411.56,claim
170,Robert,2023-05-10,robert@yahoo.com,23490251986149,61.05,large
171,Paul,2022-02-28,paul@hotmail.com,23481708351832,349.91,money
172,Christopher,2022-06-28,christopher@yahoo.com,23481975245833,238.21,low
173,Jessica,2022-09-01,jessica@gmail.com,23490801545019,16.92,protect
174,Audrey,2023-09-16,audrey@gmail.com,23481438857168,270.63,my
175,Elizabeth,2022-11-14,elizabeth@gmail.com,23480975243640,21.22,audience
176,Brandon,2022-01-07,brandon@hotmail.com,23490155840382,137.19,result
177,Hector,2022-02-13,hector@yahoo.com,23470493458771,217.59,daughter
178,Richard,2022-05-12,richard@hotmail.com,23480376031412,453.03,remain
179,Rebecca,2022-12-06,rebecca@gmail.com,23490861837446,221.44,first
180,Johnny,2023-06-26,johnny@gmail.com,23481853323422,280.32,at
181,Jessica,2022-07-14,jessica@hotmail.com,23480236238292,375.04,degree
182,Christine,2023-02-12,christine@yahoo.com,23480730626863,198.56,happen
183,Jeffery,2023-02-13,jeffery@yahoo.com,23480218010367,340.31,night
184,Peter,2022-11-17,peter@yahoo.com,23470412933008,406.46,if
185,Kelly,2023-06-23,kelly@yahoo.com,23481729840925,336.76,kitchen
186,Fred,2022-10-13,fred@yahoo.com,23490207396574,225.78,wife
187,Melissa,2023-01-05,melissa@yahoo.com,23490596696849,423.21,force
188,Mary,2022-05-27,mary@yahoo.com,23481482829888,419.74,a
189,Blake,2023-05-18,blake@yahoo.com,23490464780347,348.77,population
190,Michaela,2022-01-15,michaela@gmail.com,23480403292594,14.42,according
191,Linda,2023-05-26,linda@gmail.com,23480924367551,295.22,computer
192,Mikayla,2023-08-31,mikayla@gmail.com,23480209845363,166.44,type
193,Robert,2023-09-10,robert@gmail.com,23470299869300,223.71,baby
194,Maureen,2023-04-15,maureen@gmail.com,23481816459305,486.04,cell
195,Travis,2022-09-03,travis@hotmail.com,23490779541721,261.09,author
196,Stephen,2023-03-11,stephen@hotmail.com,23470976296219,388.94,hair
197,Jeremy,2022-05-25,jeremy@hotmail.com,23470416441588,402.89,music
198,Kristina,2022-01-07,kristina@gmail.com,23480216670521,354.42,call
199,Jacqueline,2023-05-16,jacqueline@hotmail.com,23481036009628,368.26,second
200,Kimberly,2022-08-19,kimberly@yahoo.com,23470807828239,478.22,cup
201,Heather,2022-03-11,heather@hotmail.com,23470444360081,439.34,great
202,Deanna,2023-05-12,deanna@yahoo.com,23481282150525,293.4,small
203,Willie,2022-02-18,willie@gmail.com,23490347577881,49.63,son
204,Holly,2022-12-07,holly@yahoo.com,23470878681326,416.09,war
205,Christina,2023-02-02,christina@yahoo.com,23481122069118,141.13,should
206,Kevin,2022-08-24,kevin@yahoo.com,23470695978538,28.42,husband
207,Keith,2022-10-26,keith@yahoo.com,23490803917156,385.63,house
208,Christopher,2022-07-09,christopher@hotmail.com,23480881095052,177.05,we
209,Rachel,2023-01-13,rachel@yahoo.com,23470037520782,418.22,management
210,Maria,2023-06-25,maria@yahoo.com,23470307992975,293.41,medical
211,Erika,2022-11-30,erika@hotmail.com,23481866356433,134.91,politics
212,Joseph,2022-07-07,joseph@hotmail.com,23490739592532,423.6,indicate
213,Robert,2022-07-19,robert@hotmail.com,23481891773295,306.56,shoulder
214,George,2023-07-06,george@gmail.com,23470346483565,368.13,step
215,Scott,2022-02-03,scott@gmail.com,23481928714847,215.69,decide
216,Kimberly,2022-09-02,kimberly@hotmail.com,23470010524987,161.35,stuff
217,Brandon,2022-11-19,brandon@yahoo.com,23490311180985,478.29,her
218,Billy,2023-09-27,billy@hotmail.com,23480930014196,357.79,she
219,Christopher,2023-08-23,christopher@hotmail.com,23481442293223,136.36,environmental
220,Katelyn,2023-09-05,katelyn@yahoo.com,23481943126239,18.43,risk
221,Melissa,2023-02-22,melissa@hotmail.com,23470241949302,413.72,small
222,Donald,2023-07-30,donald@hotmail.com,23480622780853,338.21,character
223,Kristina,2022-12-21,kristina@yahoo.com,23470343157458,298.43,best
224,Richard,2022-08-08,richard@gmail.com,23490861261918,427.74,increase
225,Julie,2023-07-10,julie@yahoo.com,23481648321475,194.32,special
226,David,2022-02-09,david@yahoo.com,23470682892049,227.4,seven
227,Elizabeth,2023-08-15,elizabeth@hotmail.com,23470373611861,258.29,cause
228,Antonio,2022-12-29,antonio@hotmail.com,23481033319661,444.89,write
229,Glenda,2023-03-02,glenda@gmail.com,23481371318293,279.62,factor
230,Joshua,2023-02-08,joshua@hotmail.com,23470964790553,354.01,perhaps
231,Tonya,2022-01-27,tonya@gmail.com,23470383023771,306.09,foot
232,Victoria,2023-05-20,victoria@yahoo.com,23470541917599,330.5,great
233,Joyce,2022-06-28,joyce@gmail.com,23470307428521,258.86,body
234,Brandon,2022-09-06,brandon@hotmail.com,23480533486660,79.93,officer
235,Wendy,2022-03-01,wendy@yahoo.com,23481839752929,220.4,recent
236,Virginia,2023-07-30,virginia@gmail.com,23480227862047,290.72,could
237,Gary,2023-06-15,gary@yahoo.com,23480173800917,412.53,challenge
238,Julie,2023-07-27,julie@hotmail.com,23490862319827,328.59,sport
239,George,2023-05-03,george@gmail.com,23480329229921,61.75,hand
240,Edward,2022-03-16,edward@yahoo.com,23470949601270,180.05,finish
241,Anna,2022-07-17,anna@hotmail.com,23470604331923,437.58,continue
242,Amy,2022-06-15,amy@yahoo.com,23490046988259,331.33,everybody
243,Ronald,2022-10-29,ronald@gmail.com,23490174344152,230.47,forward
244,Samantha,2022-10-28,samantha@hotmail.com,23470048967998,105.38,action
245,Scott,2022-01-06,scott@yahoo.com,23480643774862,308.25,head
246,Kimberly,2022-07-28,kimberly@gmail.com,23480354106459,363.08,realize
247,Adam,2022-05-30,adam@yahoo.com,23470213577256,426.05,relationship
248,Peter,2022-11-15,peter@yahoo.com,23480187210867,126.35,exactly
249,Steven,2023-05-10,steven@hotmail.com,23480604924481,283.37,individual
250,Kim,2023-06-11,kim@yahoo.com,23480201557335,441.95,matter
251,Samuel,2023-03-20,samuel@yahoo.com,23490827601015,365.11,history
252,Robert,2022-08-31,robert@hotmail.com,23480841189403,461.32,look
253,Kimberly,2022-03-28,kimberly@hotmail.com,23481722742790,284.75,next
254,Joseph,2022-01-13,joseph@gmail.com,23480416346379,257.29,baby
255,Ryan,2022-10-13,ryan@gmail.com,23470096934585,241.72,like
256,Angela,2023-08-16,angela@hotmail.com,23470454223750,192.43,short
257,Rachel,2023-04-29,rachel@hotmail.com,23490301782369,172.57,nothing
258,Robert,2022-04-14,robert@gmail.com,23470677503931,250.27,market
259,Amber,2022-04-13,amber@hotmail.com,23480886943160,276.83,direction
260,Laura,2023-07-12,laura@hotmail.com,23490039467841,491.4,voice
261,Lauren,2022-03-08,lauren@yahoo.com,23470663476806,321.25,radio
262,Bruce,2023-06-08,bruce@yahoo.com,23481666994785,158.99,entire
263,Cesar,2023-09-28,cesar@hotmail.com,23481506774135,123.21,stock
264,Kendra,2022-01-19,kendra@hotmail.com,23490227112903,328.0,fast
265,Madison,2022-05-20,madison@gmail.com,23470624674802,244.63,focus
266,Dominic,2022-03-24,dominic@hotmail.com,23480744460945,382.45,situation
267,Juan,2022-02-22,juan@gmail.com,23490374836160,30.9,network
268,Lori,2022-03-13,lori@yahoo.com,23480440009029,435.26,five
269,William,2022-12-31,william@hotmail.com,23480920821119,390.79,middle
270,Scott,2022-03-31,scott@gmail.com,23480761177828,59.92,traditional
271,John,2022-10-17,john@hotmail.com,23470821808316,449.22,author
272,Leslie,2023-02-15,leslie@yahoo.com,23470439129654,471.77,school
273,Kevin,2023-01-28,kevin@yahoo.com,23480002432217,369.98,pass
274,William,2023-06-02,william@gmail.com,23490420255318,398.68,piece
275,Kimberly,2022-04-23,kimberly@hotmail.com,23490531935614,389.6,only
276,Courtney,2022-10-29,courtney@hotmail.com,23490053606842,460.69,unit
277,Richard,2022-02-06,richard@hotmail.com,23490156043245,464.05,size
278,Jessica,2023-02-11,jessica@hotmail.com,23480273999164,408.62,look
279,Yolanda,2023-06-11,yolanda@gmail.com,23490009252639,278.83,relate
280,Jose,2022-06-03,jose@gmail.com,23481787995551,387.98,walk
281,Catherine,2022-01-13,catherine@yahoo.com,23490273690397,212.56,dinner
282,Danielle,2022-11-01,danielle@gmail.com,23481667341290,157.4,environmental
283,Glenn,2023-08-05,glenn@gmail.com,23480242648658,366.87,stand
284,Johnny,2023-01-16,johnny@yahoo.com,23480495444698,21.42,home
285,Theodore,2023-05-17,theodore@hotmail.com,23481646006814,359.11,would
286,Nicole,2022-01-20,nicole@gmail.com,23470685878787,293.3,stage
287,Kent,2023-09-19,kent@hotmail.com,23480953461312,396.27,four
288,Crystal,2022-12-18,crystal@hotmail.com,23481757274758,364.46,pay
289,Stephanie,2022-06-24,stephanie@gmail.com,23490846891428,78.43,since
290,Timothy,2022-02-19,timothy@yahoo.com,23481007719802,318.15,draw
291,Michael,2023-03-14,michael@gmail.com,23490145275051,442.08,minute
292,Susan,2023-04-30,susan@hotmail.com,23480449520766,320.11,act
293,Stephen,2022-03-12,stephen@yahoo.com,23490767626363,141.14,official
294,Natasha,2023-09-21,natasha@gmail.com,23470554753272,355.4,live
295,Jessica,2023-09-16,jessica@gmail.com,23470218997521,333.86,difficult
296,Anthony,2022-05-07,anthony@yahoo.com,23490116554503,332.59,what
297,Dale,2022-08-23,dale@hotmail.com,23481282731841,34.98,near
298,Tyler,2023-08-02,tyler@gmail.com,23470772201216,307.68,newspaper
299,Travis,2022-03-14,travis@yahoo.com,23480991346287,354.31,outside
300,Melissa,2023-08-17,melissa@yahoo.com,23481642213857,435.84,real
301,Francisco,2023-05-27,francisco@gmail.com,23490864702527,120.83,cover
302,Steven,2022-06-29,steven@gmail.com,23481761531523,126.06,top
303,John,2023-03-02,john@yahoo.com,23470597844099,459.25,reach
304,Cynthia,2022-07-30,cynthia@gmail.com,23480472107888,310.21,director
305,Jessica,2023-03-01,jessica@hotmail.com,23470659535728,363.75,against
306,Tonya,2022-01-21,tonya@hotmail.com,23470201802105,454.63,both
307,Timothy,2023-06-03,timothy@gmail.com,23480032568956,112.8,ten
308,Margaret,2023-07-14,margaret@gmail.com,23481907062319,321.7,choice
309,Timothy,2023-09-04,timothy@yahoo.com,23490475867548,436.35,include
310,Diane,2022-12-11,diane@hotmail.com,23490656403746,220.0,manage
311,Jose,2023-07-29,jose@hotmail.com,23481273293148,422.07,onto
312,Thomas,2022-05-08,thomas@hotmail.com,23481717362108,28.73,reality
313,Kathleen,2023-07-27,kathleen@gmail.com,23480922935511,194.57,another
314,Henry,2022-04-08,henry@yahoo.com,23481939979412,215.0,ok
315,Joseph,2022-03-16,joseph@hotmail.com,23481224452758,59.02,before
316,Carol,2022-03-12,carol@yahoo.com,23480035635691,170.82,song
317,Lindsay,2023-01-10,lindsay@hotmail.com,23470436055218,145.28,skin
318,Carolyn,2022-12-22,carolyn@gmail.com,23481289571647,148.78,card
319,Craig,2022-11-11,craig@gmail.com,23470124549277,13.39,reason
320,Adam,2022-09-10,adam@gmail.com,23470042921687,436.23,then
321,Nicholas,2023-02-19,nicholas@hotmail.com,23481652859211,128.73,dinner
322,Ian,2022-06-07,ian@yahoo.com,23481065459478,377.27,run
323,Brandon,2022-01-30,brandon@yahoo.com,23470637089653,477.71,maybe
324,Jennifer,2023-03-14,jennifer@yahoo.com,23490224315624,407.67,fish
325,Samantha,2023-07-07,samantha@hotmail.com,23481601266119,132.48,measure
326,Philip,2022-02-22,philip@gmail.com,23490789122999,33.69,young
327,Kevin,2022-12-07,kevin@yahoo.com,23481807100932,251.36,nearly
328,Courtney,2023-05-27,courtney@gmail.com,23490991258095,331.23,contain
329,Lucas,2023-03-01,lucas@gmail.com,23490096515451,157.19,sing
330,Jessica,2022-04-26,jessica@yahoo.com,23480096063697,154.01,goal
331,Amanda,2022-01-04,amanda@gmail.com,23470810012669,95.88,each
332,Lisa,2022-06-20,lisa@hotmail.com,23480006642605,318.74,focus
333,Dale,2023-02-07,dale@gmail.com,23490930678035,234.28,boy
334,Andrea,2022-05-23,andrea@hotmail.com,23481303145542,98.44,painting
335,Michael,2023-07-14,michael@yahoo.com,23490061972636,383.25,onto
336,Amanda,2022-04-10,amanda@hotmail.com,23470950983386,248.26,happy
337,Alan,2023-03-21,alan@hotmail.com,23480812240512,313.39,walk
338,Tina,2023-05-11,tina@hotmail.com,23481864052083,360.5,mouth
339,Daniel,2023-06-03,daniel@hotmail.com,23490603943514,251.12,environment
340,Mark,2022-08-17,mark@gmail.com,23490154353333,345.67,similar
341,Olivia,2022-04-05,olivia@hotmail.com,23490256080861,134.43,around
342,Kristen,2023-07-05,kristen@gmail.com,23490118685221,150.69,great
343,Stephen,2023-09-12,stephen@hotmail.com,23490274389317,402.36,remain
344,Christopher,2022-10-06,christopher@yahoo.com,23490512758217,206.51,very
345,Amanda,2023-01-10,amanda@yahoo.com,23490724061792,43.39,office
346,Cristian,2022-03-29,cristian@yahoo.com,23481416948090,208.09,you
347,Shannon,2023-07-31,shannon@yahoo.com,23490332118924,185.58,interview
348,Shannon,2023-02-01,shannon@gmail.com,23470299252052,60.4,interest
349,Kenneth,2022-09-02,kenneth@hotmail.com,23481181789745,441.84,follow
350,Megan,2022-03-12,megan@gmail.com,23480648539541,403.65,skill
351,Thomas,2022-12-16,thomas@gmail.com,23480174547055,322.68,girl
352,Amy,2023-09-26,amy@yahoo.com,23490563069846,398.95,try
353,Alexander,2022-01-18,alexander@hotmail.com,23480506212084,482.27,while
354,Brandi,2023-08-09,brandi@hotmail.com,23490391365401,235.81,issue
355,Steven,2023-05-07,steven@yahoo.com,23481270202901,191.21,head
356,Nicole,2022-02-12,nicole@hotmail.com,23481374495857,493.82,gun
357,Cynthia,2023-04-25,cynthia@hotmail.com,23480323312109,284.21,development
358,Laurie,2023-04-04,laurie@hotmail.com,23470776098583,72.1,care
359,Erica,2022-08-21,erica@hotmail.com,23490698079936,139.32,feel
360,Kristin,2023-05-30,kristin@yahoo.com,23480594847719,409.95,participant
361,Barry,2022-09-08,barry@hotmail.com,23480650159183,289.73,soon
362,Jeffrey,2023-06-03,jeffrey@gmail.com,23480047180734,430.06,then
363,Kara,2023-02-04,kara@yahoo.com,23490369774509,390.14,nation
364,Jeremy,2023-04-12,jeremy@yahoo.com,23480512674549,459.2,new
365,Alisha,2023-08-05,alisha@gmail.com,23481877471128,35.59,defense
366,Stephanie,2022-07-14,stephanie@yahoo.com,23490506524708,257.1,than
367,Heather,2022-09-05,heather@yahoo.com,23490150792594,350.36,mention
368,Joshua,2023-01-17,joshua@gmail.com,23470235310676,326.82,decision
369,Carmen,2023-04-11,carmen@gmail.com,23490007432716,285.36,throughout
370,Cynthia,2022-07-25,cynthia@gmail.com,23481004689415,245.99,year
371,Nathan,2022-09-20,nathan@yahoo.com,23490308378065,30.89,military
372,Jason,2022-06-07,jason@hotmail.com,23480830852397,274.93,project
373,Claudia,2022-12-03,claudia@gmail.com,23470420545436,12.68,attorney
374,Paul,2023-08-19,paul@hotmail.com,23480295920082,473.66,senior
375,Charles,2022-05-01,charles@gmail.com,23481282660545,391.56,size
376,Jessica,2023-08-17,jessica@gmail.com,23481905551955,41.71,month
377,Deborah,2022-05-26,deborah@yahoo.com,23490238292815,295.13,blue
378,Margaret,2023-03-11,margaret@hotmail.com,23480925474726,215.11,movement
379,Mason,2022-03-17,mason@yahoo.com,23481425715545,411.47,pretty
380,Allen,2022-11-18,allen@gmail.com,23481297969305,76.88,through
381,Claire,2022-12-09,claire@yahoo.com,23480064936093,207.94,level
382,Chelsea,2023-01-12,chelsea@yahoo.com,23470660422518,315.22,exist
383,Zachary,2022-05-04,zachary@hotmail.com,23470324075758,380.37,drug
384,Renee,2022-08-31,renee@hotmail.com,23480724350496,480.04,recognize
385,Shannon,2022-06-26,shannon@gmail.com,23481962498326,286.65,ask
386,Zachary,2023-05-30,zachary@hotmail.com,23470579209665,161.73,production
387,Scott,2022-04-21,scott@yahoo.com,23470469373277,28.5,her
388,Vanessa,2023-07-31,vanessa@yahoo.com,23481846144223,160.59,job
389,Allison,2022-05-08,allison@yahoo.com,23481992012494,148.95,tree
390,Michele,2022-02-17,michele@yahoo.com,23490164598841,480.81,play
391,Brandon,2023-03-09,brandon@gmail.com,23480569759316,216.71,my
392,Michelle,2023-06-03,michelle@gmail.com,23490852002650,192.56,picture
393,Jeanne,2022-09-18,jeanne@hotmail.com,23470811983358,207.2,brother
394,Jessica,2022-02-01,jessica@gmail.com,23480536916351,60.51,much
395,Michele,2023-07-18,michele@gmail.com,23490323663308,147.46,eight
396,Emily,2023-07-10,emily@gmail.com,23480955483793,287.41,goal
397,Joshua,2023-03-16,joshua@hotmail.com,23480461015519,148.68,my
398,Allison,2022-03-17,allison@gmail.com,23490911672532,126.63,close
399,Mary,2022-01-31,mary@hotmail.com,23480778836339,409.67,when
400,James,2022-09-16,james@gmail.com,23490177374737,337.85,drive
401,Kevin,2023-04-14,kevin@gmail.com,23470564622987,63.86,moment
402,Cassandra,2022-07-02,cassandra@hotmail.com,23490940473634,293.87,nice
403,Susan,2022-01-19,susan@yahoo.com,23480609800069,157.37,end
404,Timothy,2022-09-15,timothy@hotmail.com,23480861640500,181.03,late
405,Michael,2023-09-17,michael@hotmail.com,23480908198039,294.67,card
406,Christine,2022-08-06,christine@gmail.com,23480212833794,206.07,door
407,Stacey,2022-02-09,stacey@hotmail.com,23470132671331,86.16,hotel
408,James,2023-06-07,james@yahoo.com,23470493808627,373.38,drive
409,Monica,2023-09-21,monica@gmail.com,23480469779658,123.35,family
410,Angela,2022-02-19,angela@yahoo.com,23481543864465,374.2,radio
411,Jennifer,2022-06-11,jennifer@gmail.com,23490431368253,215.0,ten
412,Daniel,2022-12-28,daniel@gmail.com,23490856197712,322.99,hit
413,Jill,2023-09-20,jill@hotmail.com,23490406630920,213.81,listen
414,Ethan,2022-09-16,ethan@yahoo.com,23470047990102,481.09,herself
415,Alexander,2023-03-11,alexander@gmail.com,23481562847314,82.06,camera
416,Alicia,2022-05-31,alicia@gmail.com,23481007448067,405.71,thank
417,Shannon,2023-08-22,shannon@hotmail.com,23481020865150,476.58,say
418,Paul,2022-12-25,paul@hotmail.com,23481460677231,431.55,poor
419,Kimberly,2023-02-05,kimberly@gmail.com,23481865439054,449.42,network
420,Jeffery,2023-07-03,jeffery@hotmail.com,23481170754620,359.41,others
421,Michelle,2022-05-18,michelle@gmail.com,23470349890030,290.44,with
422,Kelly,2023-06-04,kelly@yahoo.com,23490794485521,325.17,culture
423,Thomas,2023-02-21,thomas@gmail.com,23480225638455,134.42,company
424,Melissa,2023-07-29,melissa@gmail.com,23480619671172,197.12,organization
425,Jasmine,2022-05-24,jasmine@yahoo.com,23480564421978,460.38,own
426,Karla,2023-09-14,karla@hotmail.com,23481803786288,26.69,among
427,Brandi,2022-06-02,brandi@yahoo.com,23481408546203,316.06,admit
428,Caleb,2022-06-10,caleb@yahoo.com,23490006680215,215.33,road
429,Andrea,2023-08-18,andrea@yahoo.com,23470859215306,438.64,true
430,Kristopher,2022-10-19,kristopher@yahoo.com,23490383999073,110.62,election
431,Vanessa,2022-05-05,vanessa@gmail.com,23470301366602,311.17,record
432,Margaret,2023-07-06,margaret@yahoo.com,23480934761951,336.27,open
433,Karla,2022-10-10,karla@gmail.com,23480157344101,430.26,one
434,Keith,2023-04-14,keith@yahoo.com,23481737868722,494.7,matter
435,Claudia,2023-02-12,claudia@yahoo.com,23480652199579,104.51,she
436,James,2023-01-16,james@hotmail.com,23470024484690,331.48,because
437,Jessica,2023-01-18,jessica@gmail.com,23470478579143,378.74,than
438,Jeff,2022-11-22,jeff@yahoo.com,23490727514939,76.37,happen
439,Melanie,2023-06-01,melanie@hotmail.com,23490120898787,146.14,important
440,Katherine,2022-01-05,katherine@hotmail.com,23470546000361,32.86,result
441,Scott,2022-10-19,scott@yahoo.com,23481140279010,133.22,nothing
442,Denise,2022-04-24,denise@yahoo.com,23481333800775,84.28,room
443,Rachael,2022-02-25,rachael@gmail.com,23480036407418,83.43,people
444,Jesus,2022-10-15,jesus@hotmail.com,23490838993884,266.58,laugh
445,Mary,2022-05-03,mary@gmail.com,23490114668482,64.33,second
446,Patricia,2022-11-06,patricia@gmail.com,23481068094953,378.68,I
447,Russell,2022-02-12,russell@gmail.com,23480351144701,217.43,until
448,Kristine,2022-07-25,kristine@yahoo.com,23480281554501,210.25,east
449,Nicholas,2023-09-13,nicholas@yahoo.com,23490027533165,271.61,author
450,Timothy,2022-02-26,timothy@gmail.com,23481938148605,115.46,build
451,Deanna,2023-04-06,deanna@hotmail.com,23481781735955,362.12,several
452,Melissa,2023-06-26,melissa@hotmail.com,23480615665325,468.27,impact
453,Priscilla,2022-10-29,priscilla@hotmail.com,23490331632305,406.0,region
454,Melissa,2022-10-21,melissa@hotmail.com,23480198905225,236.2,bag
455,Brian,2022-09-21,brian@yahoo.com,23490562727268,491.3,far
456,Ronald,2022-10-01,ronald@yahoo.com,23480025531459,33.7,mention
457,Garrett,2023-06-27,garrett@yahoo.com,23481077131339,106.96,experience
458,Amy,2022-10-16,amy@gmail.com,23490405905261,369.3,way
459,Amy,2022-12-03,amy@hotmail.com,23481778505017,248.21,year
460,Samuel,2022-01-06,samuel@gmail.com,23480161627994,290.55,city
461,David,2022-01-05,david@hotmail.com,23480932927273,15.41,writer
462,Shannon,2023-08-19,shannon@gmail.com,23470764759981,382.51,draw
463,Antonio,2023-03-23,antonio@hotmail.com,23480777463005,197.31,book
464,Kimberly,2022-07-02,kimberly@hotmail.com,23480839532488,353.44,actually
465,Daniel,2022-12-06,daniel@hotmail.com,23480463195626,406.07,radio
466,Lisa,2023-01-16,lisa@gmail.com,23490655656403,463.61,military
467,Marc,2022-10-13,marc@gmail.com,23480506639636,165.94,care
468,Kristine,2022-01-14,kristine@gmail.com,23490134132396,322.42,system
469,Amy,2022-08-16,amy@gmail.com,23481870279104,423.35,bar
470,Samantha,2023-07-17,samantha@yahoo.com,23481882542256,483.76,others
471,Daniel,2022-08-18,daniel@yahoo.com,23470762973466,250.35,situation
472,Rachel,2022-09-24,rachel@yahoo.com,23490057571184,328.32,identify
473,Michael,2022-08-18,michael@hotmail.com,23470571576806,275.42,test
474,Bridget,2023-05-11,bridget@gmail.com,23490097896304,262.28,toward
475,Philip,2023-02-21,philip@gmail.com,23481186180455,35.01,than
476,George,2023-06-17,george@hotmail.com,23481890999647,143.47,approach
477,Charles,2023-07-25,charles@hotmail.com,23481423373345,102.32,under
478,Ashley,2023-03-20,ashley@hotmail.com,23490216339936,434.69,sometimes
479,Jose,2023-01-13,jose@hotmail.com,23490911430051,474.28,truth
480,Denise,2022-08-14,denise@yahoo.com,23470643858915,493.86,ability
481,Erin,2022-10-14,erin@gmail.com,23481979968548,83.19,act
482,Lindsey,2022-04-17,lindsey@gmail.com,23481140385685,475.87,strong
483,Adrian,2023-07-30,adrian@gmail.com,23470038606698,283.86,issue
484,Brian,2022-03-23,brian@gmail.com,23490684377299,150.56,appear
485,Nancy,2023-02-25,nancy@yahoo.com,23490105572840,40.73,report
486,Rebecca,2022-12-17,rebecca@gmail.com,23470482291382,235.5,enjoy
487,Stephanie,2022-04-05,stephanie@hotmail.com,23490565316799,261.54,avoid
488,Michaela,2022-03-11,michaela@hotmail.com,23470405871841,310.77,hundred
489,Sydney,2022-10-16,sydney@gmail.com,23481425736580,192.58,particularly
490,Annette,2022-09-21,annette@hotmail.com,23470376995667,103.36,manage
491,Katherine,2023-01-08,katherine@gmail.com,23481070212831,346.38,church
492,Cynthia,2022-11-29,cynthia@gmail.com,23480262165837,39.23,call
493,Joshua,2022-03-27,joshua@gmail.com,23480181910247,294.5,coach
494,Laura,2022-04-24,laura@yahoo.com,23490999354272,171.37,cut
495,Crystal,2023-06-03,crystal@gmail.com,23481296760929,397.64,professor
496,James,2022-08-07,james@gmail.com,23480602341309,230.46,why
497,Nathan,2022-12-06,nathan@hotmail.com,23470341576590,332.17,nearly
498,Erica,2022-03-31,erica@hotmail.com,23470737804303,418.02,camera
499,Mary,2023-08-07,mary@yahoo.com,23490065333509,358.45,rule
500,Matthew,2022-02-08,matthew@gmail.com,23481591864327,231.31,hospital
501,Ian,2022-06-20,ian@hotmail.com,23480882159214,359.7,care
502,Lauren,2022-12-03,lauren@yahoo.com,23481213344012,276.62,through
503,Heather,2023-01-23,heather@yahoo.com,23481113983327,106.73,best
504,Deborah,2023-04-30,deborah@yahoo.com,23480568206992,457.47,edge
505,Samantha,2023-07-05,samantha@gmail.com,23470588335397,408.41,design
506,Emily,2022-02-08,emily@yahoo.com,23470085352057,383.72,area
507,Sarah,2023-03-09,sarah@hotmail.com,23470498230713,228.64,thus
508,Ricky,2023-04-04,ricky@yahoo.com,23490095410907,443.2,notice
509,Jennifer,2022-02-06,jennifer@gmail.com,23480044111399,26.92,garden
510,Hannah,2023-05-04,hannah@yahoo.com,23490997089764,429.11,should
511,Wanda,2022-01-21,wanda@gmail.com,23490552636004,444.57,again
512,Justin,2023-08-22,justin@hotmail.com,23481429064300,310.04,whose
513,Andre,2023-08-06,andre@yahoo.com,23481395468187,117.84,Democrat
514,Valerie,2022-07-24,valerie@gmail.com,23490949434584,144.23,often
515,Nicole,2022-10-21,nicole@yahoo.com,23480163234587,326.59,administration
516,Jamie,2023-06-30,jamie@hotmail.com,23470387513974,463.85,growth
517,Nicole,2023-08-09,nicole@gmail.com,23480013865811,246.51,turn
518,Debra,2023-07-14,debra@yahoo.com,23470048875972,335.64,media
519,Julie,2022-06-25,julie@hotmail.com,23480793393041,199.18,very
520,Melanie,2022-11-20,melanie@yahoo.com,23481967262305,236.02,deal
521,Joseph,2023-05-26,joseph@yahoo.com,23480549240384,138.07,represent
522,Marc,2022-03-04,marc@yahoo.com,23480875248103,118.23,others
523,Stanley,2023-02-22,stanley@gmail.com,23490534380644,199.81,season
524,James,2022-03-07,james@hotmail.com,23480092380829,408.38,debate
525,Anna,2022-08-12,anna@hotmail.com,23481297079483,342.54,child
526,Ann,2023-06-13,ann@yahoo.com,23480332248747,154.56,voice
527,April,2022-09-24,april@gmail.com,23481772836643,180.62,best
528,Angela,2022-08-27,angela@yahoo.com,23481667639049,265.82,beat
529,Vanessa,2022-02-09,vanessa@hotmail.com,23470906992009,133.49,establish
530,Alexandra,2022-05-17,alexandra@gmail.com,23480450461665,378.07,door
531,Timothy,2023-06-23,timothy@gmail.com,23481976578291,370.3,authority
532,James,2022-08-08,james@yahoo.com,23480248385695,386.57,picture
533,Samantha,2022-10-10,samantha@yahoo.com,23480122442325,177.17,fine
534,Cassandra,2023-01-25,cassandra@gmail.com,23481908387526,239.7,information
535,Michelle,2022-06-07,michelle@yahoo.com,23470431876945,52.13,theory
536,Lee,2023-08-18,lee@gmail.com,23481782072872,22.73,foreign
537,Thomas,2022-05-26,thomas@gmail.com,23480557459551,158.25,skill
538,Samantha,2022-11-11,samantha@gmail.com,23470959561102,271.04,join
539,Michael,2022-10-13,michael@gmail.com,23480181466457,39.09,quickly
540,Pamela,2022-07-03,pamela@yahoo.com,23490650110592,375.37,question
541,Nicholas,2022-08-23,nicholas@hotmail.com,23490938583329,229.35,fact
542,Jamie,2022-10-20,jamie@hotmail.com,23481146554653,318.28,east
543,Jeffrey,2022-01-14,jeffrey@hotmail.com,23470251238274,296.64,participant
544,Keith,2022-12-12,keith@hotmail.com,23470828619937,321.61,same
545,Kelly,2023-03-01,kelly@yahoo.com,23481004962339,213.31,under
546,Cory,2023-04-08,cory@hotmail.com,23481203190391,480.6,month
547,Anthony,2023-05-20,anthony@gmail.com,23481323568615,298.77,would
548,Alexandra,2022-09-02,alexandra@hotmail.com,23470185010440,402.96,short
549,Maria,2022-05-12,maria@gmail.com,23490542763311,213.44,guy
550,Michele,2023-01-22,michele@hotmail.com,23470882010723,441.53,feel
551,Charles,2023-03-20,charles@gmail.com,23480884245616,350.45,husband
552,Heather,2023-07-24,heather@yahoo.com,23490695740072,69.92,indicate
553,Lisa,2022-01-26,lisa@gmail.com,23490318338464,403.82,best
554,Michelle,2022-12-26,michelle@hotmail.com,23470996330352,160.68,garden
555,Nicholas,2022-06-18,nicholas@gmail.com,23470685324120,172.14,condition
556,Denise,2022-02-09,denise@gmail.com,23480811012694,24.9,our
557,Samuel,2022-03-21,samuel@gmail.com,23480320974499,421.07,step
558,Allen,2022-05-21,allen@hotmail.com,23470512182720,305.04,can
559,Jennifer,2022-08-19,jennifer@gmail.com,23480447734986,451.1,free
560,Ronald,2022-08-23,ronald@yahoo.com,23481986166315,408.71,message
561,Nicole,2023-05-21,nicole@hotmail.com,23481081065335,223.48,especially
562,Deanna,2022-02-05,deanna@hotmail.com,23470644694692,317.87,industry
563,Kristin,2022-01-13,kristin@gmail.com,23481059587636,39.75,sometimes
564,Melissa,2023-08-21,melissa@hotmail.com,23470799694991,321.68,network
565,Matthew,2022-08-11,matthew@gmail.com,23470429146469,11.34,home
566,Tyler,2022-06-08,tyler@hotmail.com,23490309841656,464.33,charge
567,Jerry,2023-07-16,jerry@hotmail.com,23470350019861,213.16,religious
568,Faith,2023-05-03,faith@gmail.com,23490555255145,499.27,choice
569,Taylor,2023-07-25,taylor@hotmail.com,23490426963913,451.47,standard
570,Jeremiah,2022-07-29,jeremiah@yahoo.com,23481424003551,475.1,check
571,Dustin,2022-12-17,dustin@hotmail.com,23480427335114,250.39,today
572,Joanna,2022-08-25,joanna@yahoo.com,23490982112641,423.91,include
573,Kathryn,2023-04-05,kathryn@hotmail.com,23490827635445,95.64,between
574,Amber,2022-06-18,amber@gmail.com,23490665711832,234.21,why
575,Mckenzie,2023-03-29,mckenzie@yahoo.com,23490020574945,97.67,test
576,Hannah,2022-01-12,hannah@hotmail.com,23490207716710,237.83,ago
577,Elizabeth,2023-07-12,elizabeth@yahoo.com,23481429771568,161.72,same
578,Michelle,2023-01-03,michelle@yahoo.com,23490941111367,43.47,family
579,Cynthia,2023-04-04,cynthia@yahoo.com,23480822685252,129.21,shake
580,Jeffrey,2022-11-01,jeffrey@gmail.com,23480527125014,162.84,heart
581,Michael,2022-08-02,michael@gmail.com,23481678046914,191.17,oil
582,Stephen,2023-03-05,stephen@yahoo.com,23490417347030,63.76,manage
583,Amanda,2022-09-18,amanda@yahoo.com,23481401147426,134.65,record
584,Manuel,2022-10-08,manuel@yahoo.com,23470698497632,336.8,drug
585,Sara,2022-08-11,sara@gmail.com,23480922444151,12.1,whole
586,Megan,2022-02-20,megan@hotmail.com,23490804976124,345.43,manager
587,Jason,2022-06-01,jason@gmail.com,23490200031071,160.22,century
588,Ryan,2023-01-27,ryan@yahoo.com,23470238892763,482.38,red
589,Jimmy,2022-02-11,jimmy@hotmail.com,23470972698812,291.41,make
590,Robin,2022-05-12,robin@yahoo.com,23481965966436,209.61,spring
591,Melinda,2022-11-20,melinda@hotmail.com,23481710978055,390.87,cut
592,Carol,2022-09-09,carol@yahoo.com,23490981014243,336.35,per
593,Kathleen,2022-03-15,kathleen@hotmail.com,23481046418900,370.91,clearly
594,Matthew,2023-06-02,matthew@gmail.com,23480629951337,392.17,first
595,Susan,2022-03-12,susan@hotmail.com,23481872795321,159.73,similar
596,Erica,2023-01-27,erica@hotmail.com,23480636792608,395.08,while
597,Charles,2023-01-27,charles@gmail.com,23490021813265,111.26,in
598,Ashlee,2022-11-14,ashlee@gmail.com,23481379645244,353.45,if
599,Michael,2022-11-05,michael@yahoo.com,23481336264320,165.82,way
600,Lisa,2022-09-22,lisa@hotmail.com,23480437202835,235.76,yes
601,Tyler,2022-11-26,tyler@gmail.com,23481278920906,75.04,sing
602,Paul,2022-06-07,paul@hotmail.com,23470370688147,34.8,star
603,Daniel,2023-08-22,daniel@yahoo.com,23470072295750,51.02,executive
604,Joshua,2023-04-02,joshua@hotmail.com,23480164315357,282.01,try
605,April,2023-03-02,april@gmail.com,23481617707303,121.08,will
606,Connie,2023-04-18,connie@hotmail.com,23481179662001,406.68,realize
607,Jessica,2023-01-20,jessica@hotmail.com,23480136540989,391.16,turn
608,Rebecca,2023-01-06,rebecca@hotmail.com,23490154040065,12.67,tell
609,Mary,2023-03-16,mary@yahoo.com,23481328992477,77.36,computer
610,Sabrina,2022-07-29,sabrina@gmail.com,23480321477502,105.8,interest
611,Rebecca,2023-06-30,rebecca@gmail.com,23480042907459,61.83,protect
612,Grant,2023-05-23,grant@yahoo.com,23490565655384,334.42,hard
613,Barbara,2023-01-15,barbara@hotmail.com,23481004529974,456.93,professor
614,Haley,2022-07-11,haley@gmail.com,23481842649405,63.47,father
615,Michael,2022-10-12,michael@hotmail.com,23490859383408,91.43,past
616,Robert,2023-07-07,robert@hotmail.com,23481945365865,171.95,a
617,Samantha,2022-12-05,samantha@yahoo.com,23490381415728,249.02,pattern
618,Amanda,2022-03-06,amanda@yahoo.com,23481214580580,85.26,world
619,John,2023-01-09,john@gmail.com,23481634009589,442.47,technology
620,Christina,2022-07-28,christina@yahoo.com,23480890963774,439.61,skill
621,Kenneth,2022-10-27,kenneth@gmail.com,23481361141526,66.38,western
622,Hannah,2022-06-14,hannah@gmail.com,23481338518343,255.18,field
623,Bryan,2022-08-02,bryan@gmail.com,23481973195094,335.32,society
624,Daniel,2022-06-13,daniel@gmail.com,23470985936295,382.61,region
625,Lisa,2023-01-30,lisa@hotmail.com,23481713757964,96.06,buy
626,Miranda,2022-01-03,miranda@hotmail.com,23470401905876,413.62,campaign
627,Katherine,2023-03-20,katherine@hotmail.com,23470130564589,176.23,change
628,Nicole,2022-04-19,nicole@yahoo.com,23481151456159,79.35,gas
629,Heather,2022-10-30,heather@hotmail.com,23490452901371,164.04,stand
630,Christina,2022-06-21,christina@yahoo.com,23470263888727,353.63,experience
631,Amanda,2023-01-03,amanda@yahoo.com,23490980321567,204.57,assume
632,Jeremy,2023-02-12,jeremy@yahoo.com,23480952242927,389.96,center
633,Mary,2022-03-19,mary@hotmail.com,23490993896529,265.24,recent
634,David,2023-04-17,david@yahoo.com,23480664579567,62.09,no
635,Kimberly,2022-04-08,kimberly@yahoo.com,23470723215298,99.35,although
636,Kimberly,2023-05-18,kimberly@hotmail.com,23470338672098,140.64,increase
637,Leslie,2023-01-24,leslie@gmail.com,23480746047087,380.3,ability
638,Anthony,2023-03-27,anthony@hotmail.com,23490768490113,102.14,put
639,Christine,2022-08-01,christine@hotmail.com,23490828633810,384.7,safe
640,Dustin,2022-01-11,dustin@gmail.com,23490670259142,197.7,city
641,Corey,2023-06-04,corey@hotmail.com,23470775923559,492.69,west
642,Brian,2023-03-24,brian@yahoo.com,23470558627146,105.77,why
643,Ryan,2023-06-24,ryan@hotmail.com,23470340049009,487.08,anyone
644,Amy,2023-02-04,amy@yahoo.com,23490518940201,477.34,rate
645,Carla,2023-03-04,carla@yahoo.com,23480942593906,277.37,over
646,Michelle,2022-11-29,michelle@hotmail.com,23470671807415,46.32,worker
647,Elizabeth,2022-09-17,elizabeth@hotmail.com,23470618902665,476.98,either
648,David,2022-02-14,david@hotmail.com,23481527497541,188.03,edge
649,Shannon,2022-05-15,shannon@yahoo.com,23480764530539,445.88,why
650,Kathleen,2022-03-31,kathleen@gmail.com,23470420695972,293.65,employee
651,Roy,2022-11-12,roy@yahoo.com,23481845956999,215.39,not
652,Anthony,2023-08-27,anthony@gmail.com,23470303758383,487.82,many
653,Kevin,2023-08-09,kevin@hotmail.com,23470312245209,344.67,like
654,Victor,2023-07-06,victor@hotmail.com,23470267047546,461.44,but
655,Jennifer,2022-12-02,jennifer@hotmail.com,23480674306497,497.89,standard
656,Austin,2023-03-21,austin@hotmail.com,23470655925497,79.93,serious
657,Jose,2022-06-09,jose@yahoo.com,23480724125879,29.91,card
658,Matthew,2023-03-06,matthew@hotmail.com,23481634095055,58.42,stay
659,Emily,2022-05-30,emily@gmail.com,23470069432815,402.85,degree
660,Crystal,2022-06-12,crystal@hotmail.com,23481862604410,231.52,run
661,Kenneth,2022-08-03,kenneth@yahoo.com,23480609039021,108.65,image
662,Sheila,2023-02-02,sheila@hotmail.com,23470651135122,270.97,real
663,Lucas,2022-07-02,lucas@hotmail.com,23470899169838,361.08,forget
664,Jane,2022-07-30,jane@hotmail.com,23470719061548,372.67,store
665,Edward,2022-02-06,edward@yahoo.com,23481135805839,119.67,thank
666,Samuel,2022-03-11,samuel@hotmail.com,23480015766755,319.16,Mrs
667,Daniel,2023-08-23,daniel@gmail.com,23470185265076,309.39,if
668,Benjamin,2022-10-04,benjamin@yahoo.com,23470359909381,130.7,number
669,Janet,2022-03-11,janet@hotmail.com,23481673499107,398.93,remain
670,Dustin,2022-02-15,dustin@gmail.com,23481072362032,284.35,may
671,Kathryn,2023-07-10,kathryn@gmail.com,23481128036879,14.55,big
672,Mary,2022-12-25,mary@hotmail.com,23470407273137,25.02,at
673,Aaron,2023-09-01,aaron@yahoo.com,23480626986426,280.4,like
674,Christine,2023-05-23,christine@hotmail.com,23480615087469,226.4,herself
675,Austin,2023-01-21,austin@yahoo.com,23470883053344,221.12,guy
676,Eric,2022-08-04,eric@yahoo.com,23481032973887,449.56,interesting
677,Charlene,2023-01-24,charlene@gmail.com,23470009139183,84.19,company
678,Gregory,2023-03-18,gregory@hotmail.com,23490234997442,346.78,although
679,Stephanie,2022-06-25,stephanie@hotmail.com,23470330824953,139.42,memory
680,James,2023-09-14,james@gmail.com,23480891748305,195.63,race
681,Gabriel,2022-12-08,gabriel@hotmail.com,23490644845940,369.49,social
682,Dennis,2022-01-03,dennis@yahoo.com,23480659775822,18.88,service
683,Christian,2023-04-04,christian@gmail.com,23480234479434,40.14,magazine
684,Deanna,2022-04-23,deanna@gmail.com,23490593717436,210.6,floor
685,Steven,2022-12-04,steven@gmail.com,23470173502787,342.39,never
686,Joshua,2023-01-29,joshua@gmail.com,23481237101800,447.14,blood
687,Matthew,2022-09-10,matthew@hotmail.com,23480503781934,161.07,fund
688,Diane,2022-06-22,diane@yahoo.com,23481350075860,31.16,particular
689,Ruth,2023-02-05,ruth@gmail.com,23481813788830,118.03,business
690,George,2022-01-09,george@gmail.com,23480273715869,227.34,realize
691,Brian,2023-03-19,brian@gmail.com,23481146762449,138.3,school
692,Jason,2022-06-14,jason@gmail.com,23481701651705,231.03,recent
693,Toni,2023-01-20,toni@gmail.com,23490943298448,53.33,shake
694,Michael,2023-09-10,michael@gmail.com,23470681594467,229.7,begin
695,Kim,2022-11-14,kim@hotmail.com,23470412888996,407.1,direction
696,Laura,2022-01-15,laura@yahoo.com,23481684050003,189.55,project
697,William,2022-02-27,william@gmail.com,23480399258846,400.95,bank
698,Theresa,2023-06-23,theresa@yahoo.com,23481690529750,10.37,be
699,Martin,2022-06-13,martin@hotmail.com,23481697973357,460.46,light
700,Jason,2022-10-09,jason@hotmail.com,23470846447910,12.24,later
701,Michael,2022-07-28,michael@yahoo.com,23470306980573,187.88,quickly
702,Kimberly,2022-09-14,kimberly@hotmail.com,23480037674491,451.81,company
703,Donald,2022-07-18,donald@gmail.com,23480389532761,442.17,response
704,Katie,2023-09-22,katie@gmail.com,23480211676257,468.6,southern
705,Bradley,2023-02-18,bradley@hotmail.com,23481459326894,141.35,work
706,Jennifer,2022-10-30,jennifer@hotmail.com,23490145396510,316.93,plant
707,Jill,2023-01-07,jill@hotmail.com,23480314194604,409.39,direction
708,Elizabeth,2022-03-24,elizabeth@hotmail.com,23470385327186,376.95,child
709,Thomas,2022-04-05,thomas@hotmail.com,23481817325290,351.52,final
710,Rachel,2022-08-21,rachel@yahoo.com,23470038172377,16.17,adult
711,Linda,2022-03-28,linda@yahoo.com,23481963111634,17.28,believe
712,Robert,2022-10-09,robert@hotmail.com,23481906021217,448.78,about
713,Rhonda,2022-06-17,rhonda@hotmail.com,23481416545981,453.48,the
714,Jonathan,2022-07-06,jonathan@gmail.com,23470629133464,210.83,own
715,Tara,2023-09-07,tara@hotmail.com,23480664061019,19.93,project
716,Janice,2022-02-04,janice@gmail.com,23470898271190,484.42,wall
717,Eric,2022-06-09,eric@gmail.com,23481011337585,355.05,major
718,Tonya,2022-09-28,tonya@hotmail.com,23480666976520,116.56,deep
719,Amanda,2022-06-12,amanda@yahoo.com,23470274880653,439.76,edge
720,Jeffrey,2022-11-19,jeffrey@yahoo.com,23481135655239,131.73,test
721,Devin,2022-10-19,devin@gmail.com,23470989340294,187.41,organization
722,Melissa,2023-01-31,melissa@yahoo.com,23470725135530,169.83,oil
723,Zachary,2023-06-19,zachary@hotmail.com,23480549014274,433.89,day
724,Leslie,2022-08-18,leslie@gmail.com,23480929118390,73.66,for
725,Ann,2022-09-19,ann@hotmail.com,23480129252487,330.11,imagine
726,Kimberly,2022-08-04,kimberly@gmail.com,23480435367540,301.66,guess
727,Raymond,2022-04-23,raymond@yahoo.com,23481442352811,254.8,culture
728,Brian,2023-09-24,brian@hotmail.com,23480342040014,137.01,bag
729,Thomas,2022-09-04,thomas@yahoo.com,23470298196754,289.55,watch
730,Dustin,2022-03-21,dustin@yahoo.com,23470161474269,74.46,community
731,Elizabeth,2022-11-13,elizabeth@gmail.com,23481281335447,250.93,Mrs
732,Allen,2023-01-25,allen@hotmail.com,23480544687904,496.78,little
733,Regina,2022-01-15,regina@gmail.com,23480348306198,119.65,admit
734,Julie,2022-03-06,julie@yahoo.com,23480966171042,185.49,kitchen
735,Ann,2022-07-03,ann@gmail.com,23490532273722,170.07,hospital
736,Margaret,2023-06-18,margaret@gmail.com,23481417883637,325.09,head
737,Michael,2022-02-14,michael@hotmail.com,23490164991753,52.42,great
738,Jeremy,2022-02-23,jeremy@gmail.com,23470159512548,447.24,mind
739,Sarah,2022-03-29,sarah@hotmail.com,23481562205433,451.68,land
740,Eric,2022-12-07,eric@gmail.com,23490819032960,74.08,top
741,Jimmy,2023-08-07,jimmy@yahoo.com,23470875877141,220.01,your
742,Lisa,2022-06-02,lisa@hotmail.com,23480151666357,30.81,national
743,Jacob,2023-01-26,jacob@gmail.com,23490490202845,207.55,former
744,Amy,2022-07-15,amy@yahoo.com,23481357520424,119.45,federal
745,Lori,2023-08-30,lori@hotmail.com,23470167766103,161.35,rate
746,Maria,2022-06-28,maria@hotmail.com,23481262369802,18.45,reduce
747,Krista,2022-01-26,krista@hotmail.com,23481444963110,157.21,course
748,Sean,2023-02-22,sean@hotmail.com,23480581853981,228.68,after
749,Peter,2023-01-08,peter@hotmail.com,23470997391880,301.04,executive
750,Rebecca,2022-01-30,rebecca@gmail.com,23470967305069,111.53,win
751,Brian,2023-09-01,brian@yahoo.com,23480914962430,377.44,sister
752,Robert,2022-05-21,robert@yahoo.com,23481502676164,39.43,middle
753,Nicholas,2022-06-28,nicholas@gmail.com,23470925380566,23.8,could
754,Krystal,2022-02-27,krystal@yahoo.com,23481781817857,329.32,win
755,William,2022-05-05,william@hotmail.com,23481737264807,90.5,five
756,Lisa,2022-05-27,lisa@yahoo.com,23480269136744,268.58,heavy
757,Ryan,2022-02-25,ryan@hotmail.com,23470663251043,164.34,build
758,Cristina,2023-09-20,cristina@gmail.com,23481860401969,43.15,large
759,Jennifer,2023-02-14,jennifer@hotmail.com,23480911316999,382.78,truth
760,Jose,2022-01-31,jose@yahoo.com,23490960784570,474.81,be
761,Bobby,2023-09-07,bobby@gmail.com,23490432438133,229.22,field
762,Craig,2022-11-19,craig@gmail.com,23480822126883,225.51,goal
763,Amber,2023-09-16,amber@yahoo.com,23481314290644,268.19,heart
764,Connor,2022-07-29,connor@hotmail.com,23470648561917,43.12,memory
765,Tiffany,2022-09-18,tiffany@yahoo.com,23480646248490,265.83,create
766,Angela,2023-02-09,angela@gmail.com,23470360349419,232.0,charge
767,Ashlee,2022-05-06,ashlee@hotmail.com,23490150226550,47.91,up
768,Brooke,2023-05-21,brooke@hotmail.com,23490560519959,177.61,face
769,Morgan,2022-12-24,morgan@gmail.com,23470276784736,164.76,design
770,Mary,2023-01-14,mary@yahoo.com,23481945313296,29.4,respond
771,Troy,2023-08-18,troy@hotmail.com,23470545710054,216.33,eight
772,Jeremy,2023-03-26,jeremy@gmail.com,23470391914906,410.58,seek
773,Melissa,2023-07-06,melissa@yahoo.com,23470256991865,136.67,data
774,Zachary,2022-03-15,zachary@hotmail.com,23481733172092,184.55,buy
775,Laura,2023-07-31,laura@gmail.com,23490321857919,296.41,teacher
776,Adrian,2022-01-23,adrian@gmail.com,23490116769549,291.28,student
777,Dennis,2023-09-22,dennis@gmail.com,23481438087080,446.21,computer
778,Mark,2022-02-28,mark@gmail.com,23490778162872,497.05,while
779,Michelle,2022-10-14,michelle@yahoo.com,23481170769107,435.54,agent
780,Edward,2023-03-30,edward@gmail.com,23480927290106,192.96,grow
781,Pamela,2022-04-05,pamela@yahoo.com,23470791031270,252.06,analysis
782,Matthew,2023-02-24,matthew@gmail.com,23480261188339,22.22,anyone
783,Mark,2023-06-01,mark@gmail.com,23480953515253,298.13,control
784,Tina,2022-02-08,tina@hotmail.com,23470192957282,463.45,Democrat
785,Alex,2023-05-14,alex@yahoo.com,23481024553496,150.95,describe
786,Teresa,2022-09-05,teresa@hotmail.com,23480742430747,13.98,more
787,Shawn,2022-10-15,shawn@hotmail.com,23481983636124,424.96,current
788,Samantha,2022-08-08,samantha@gmail.com,23481976663811,452.59,interesting
789,Melissa,2022-09-06,melissa@yahoo.com,23470665676301,148.08,particular
790,Mary,2023-02-11,mary@gmail.com,23490457199209,356.02,pass
791,Misty,2022-11-03,misty@gmail.com,23480434166410,120.97,after
792,Grace,2023-03-07,grace@gmail.com,23480894233341,51.13,rich
793,Adrian,2022-06-22,adrian@yahoo.com,23480072566572,312.24,body
794,Amber,2023-04-18,amber@gmail.com,23481631481947,342.5,of
795,James,2023-07-03,james@gmail.com,23470316015542,418.67,us
796,Brittany,2023-04-28,brittany@gmail.com,23481140326965,325.09,may
797,Roberto,2023-01-03,roberto@hotmail.com,23480679012764,116.97,cut
798,Natalie,2022-11-18,natalie@yahoo.com,23481117042262,124.76,four
799,Amy,2022-03-29,amy@yahoo.com,23481327599106,22.91,because
800,Stacy,2022-11-14,stacy@yahoo.com,23490588813515,25.92,describe
801,Douglas,2022-07-13,douglas@hotmail.com,23470191819406,23.59,hospital
802,Jerry,2023-09-14,jerry@hotmail.com,23470615372013,278.37,everything
803,Deanna,2023-03-10,deanna@yahoo.com,23470326714461,317.96,group
804,Cory,2023-03-12,cory@hotmail.com,23470591124379,342.99,quality
805,David,2022-06-09,david@yahoo.com,23481933464883,135.14,population
806,Cassidy,2023-01-07,cassidy@hotmail.com,23481730517627,25.46,often
807,Kelly,2022-12-09,kelly@hotmail.com,23481398360373,259.95,nature
808,Veronica,2023-02-25,veronica@hotmail.com,23470587107313,262.58,lot
809,Nathan,2022-04-09,nathan@yahoo.com,23480988050429,431.11,whole
810,Lindsay,2023-02-01,lindsay@yahoo.com,23470879994117,185.47,win
811,Abigail,2023-08-05,abigail@gmail.com,23480186893956,423.3,building
812,Zachary,2022-09-23,zachary@yahoo.com,23470716843322,328.19,agency
813,Rebecca,2023-05-08,rebecca@yahoo.com,23490744075593,185.67,produce
814,Carlos,2023-05-09,carlos@gmail.com,23481156231695,137.25,paper
815,Gina,2022-09-27,gina@gmail.com,23470092107038,399.79,smile
816,Scott,2023-07-05,scott@yahoo.com,23490568559314,161.72,democratic
817,Nicholas,2023-05-27,nicholas@gmail.com,23480354722189,490.63,manager
818,Henry,2023-08-09,henry@gmail.com,23481666079461,97.15,unit
819,Patricia,2023-03-09,patricia@yahoo.com,23470928459686,137.62,call
820,Melissa,2023-09-02,melissa@yahoo.com,23480604976321,377.25,leave
821,Linda,2023-08-06,linda@yahoo.com,23481498734433,256.85,because
822,Sara,2023-05-20,sara@gmail.com,23480944978486,474.6,effort
823,Brent,2022-10-03,brent@gmail.com,23480251134697,28.58,hotel
824,Tammy,2022-11-15,tammy@gmail.com,23490174357670,134.71,who
825,Jennifer,2022-04-07,jennifer@yahoo.com,23490949393913,174.82,central
826,Jennifer,2023-09-19,jennifer@gmail.com,23481766582721,322.1,card
827,Kenneth,2023-06-24,kenneth@hotmail.com,23490355416818,420.29,truth
828,Amy,2022-11-12,amy@gmail.com,23490223213440,284.81,thus
829,Samuel,2023-09-04,samuel@yahoo.com,23490995116182,493.54,travel
830,Margaret,2022-01-17,margaret@hotmail.com,23470932664966,248.55,give
831,Calvin,2022-04-17,calvin@yahoo.com,23480177479583,399.31,citizen
832,William,2022-05-13,william@yahoo.com,23480612307785,181.4,free
833,Teresa,2023-05-05,teresa@hotmail.com,23470543089512,227.14,foreign
834,Kyle,2022-04-16,kyle@hotmail.com,23470712721647,34.15,see
835,Jessica,2023-02-27,jessica@yahoo.com,23470084949092,499.43,career
836,Thomas,2022-07-16,thomas@hotmail.com,23481477974071,74.63,evening
837,Cheyenne,2022-04-01,cheyenne@gmail.com,23481603631834,488.97,exactly
838,Wyatt,2023-02-05,wyatt@hotmail.com,23481962119693,401.05,after
839,Cassandra,2023-03-16,cassandra@gmail.com,23480797596003,258.69,various
840,Amy,2023-02-19,amy@gmail.com,23481553034212,183.88,arm
841,Rita,2023-09-24,rita@gmail.com,23480914469752,192.95,ever
842,Donald,2023-04-23,donald@hotmail.com,23481382294224,480.52,follow
843,Marcus,2023-04-23,marcus@gmail.com,23481326448302,75.34,develop
844,Valerie,2022-06-03,valerie@hotmail.com,23470097161805,213.68,want
845,Jacqueline,2022-07-07,jacqueline@gmail.com,23480872286748,355.8,next
846,Sarah,2022-02-17,sarah@hotmail.com,23490695355867,112.22,upon
847,Stephanie,2023-09-15,stephanie@hotmail.com,23490966326333,161.11,surface
848,Linda,2022-01-11,linda@gmail.com,23470871504933,425.0,true
849,Rachel,2022-03-11,rachel@hotmail.com,23490801024616,123.76,feel
850,Misty,2023-09-27,misty@gmail.com,23481849924308,193.22,American
851,Donna,2022-01-25,donna@gmail.com,23480951857664,143.37,election
852,Eric,2022-10-23,eric@gmail.com,23480726448492,198.8,fact
853,Randy,2023-07-27,randy@gmail.com,23480574317829,494.11,left
854,Andrea,2022-04-23,andrea@gmail.com,23490507731293,458.71,help
855,Stephanie,2022-11-21,stephanie@hotmail.com,23481706239816,38.55,already
856,Brenda,2023-03-27,brenda@gmail.com,23481874488719,17.75,quality
857,Deanna,2022-06-03,deanna@hotmail.com,23490028979185,166.49,family
858,Brittany,2023-01-25,brittany@hotmail.com,23490549578360,173.8,realize
859,Logan,2023-05-29,logan@yahoo.com,23480327874858,95.62,attention
860,Anthony,2022-01-29,anthony@gmail.com,23490517268131,481.88,study
861,Christy,2022-05-14,christy@gmail.com,23490638815109,389.58,southern
862,David,2022-04-30,david@gmail.com,23481224239909,97.94,hot
863,Aaron,2022-09-11,aaron@yahoo.com,23481958426712,136.45,lose
864,Jeffrey,2023-08-13,jeffrey@gmail.com,23490743076043,258.05,I
865,Andrea,2022-03-11,andrea@hotmail.com,23481532415299,50.76,kind
866,Randall,2022-02-27,randall@hotmail.com,23480936385119,402.68,too
867,Scott,2023-07-19,scott@yahoo.com,23490969637011,24.56,certain
868,Michelle,2023-04-11,michelle@hotmail.com,23490141123380,327.32,business
869,Christina,2023-01-15,christina@gmail.com,23481373923332,497.21,year
870,Denise,2022-03-02,denise@gmail.com,23481718475222,496.18,enjoy
871,Brady,2022-07-21,brady@hotmail.com,23490843220072,251.66,treatment
872,Tiffany,2023-05-23,tiffany@hotmail.com,23481155631432,281.33,three
873,Barbara,2023-01-18,barbara@gmail.com,23470974065043,108.63,from
874,Bryan,2023-06-10,bryan@gmail.com,23481267119649,279.6,quickly
875,Allen,2023-05-09,allen@hotmail.com,23470679237019,165.23,example
876,Mary,2022-05-11,mary@gmail.com,23470172620838,98.7,father
877,Richard,2023-04-29,richard@yahoo.com,23481254563428,414.53,create
878,Angela,2023-04-17,angela@yahoo.com,23480323854096,403.05,seek
879,Jacob,2022-08-12,jacob@yahoo.com,23470293801898,358.48,police
880,Tommy,2022-02-14,tommy@yahoo.com,23490007663695,79.71,mind
881,Andrew,2023-08-15,andrew@yahoo.com,23490515215983,474.57,us
882,Jessica,2022-10-22,jessica@gmail.com,23480326231733,201.42,threat
883,Rebecca,2022-01-06,rebecca@yahoo.com,23480901729970,447.71,strategy
884,Ashley,2022-07-20,ashley@yahoo.com,23490835968119,264.3,herself
885,Terri,2022-11-27,terri@hotmail.com,23490883017678,417.48,treat
886,Lauren,2023-04-21,lauren@yahoo.com,23481202240596,393.35,adult
887,Roger,2022-05-07,roger@gmail.com,23481619587958,349.25,suffer
888,James,2022-05-06,james@gmail.com,23480723053789,255.66,woman
889,Shelley,2023-06-26,shelley@hotmail.com,23481134328041,245.27,guess
890,Brooke,2023-04-08,brooke@hotmail.com,23490893084414,357.53,far
891,Todd,2022-01-06,todd@hotmail.com,23470123325863,487.29,positive
892,Kimberly,2023-08-27,kimberly@yahoo.com,23490534452016,231.53,nice
893,Tristan,2022-07-02,tristan@yahoo.com,23480252593633,254.83,thousand
894,Angela,2022-02-03,angela@yahoo.com,23480580514090,152.77,prove
895,Kathryn,2023-08-10,kathryn@yahoo.com,23481056861161,413.14,add
896,Jamie,2022-04-24,jamie@hotmail.com,23470309419244,366.38,system
897,Kimberly,2022-01-29,kimberly@gmail.com,23470313670064,114.83,job
898,Phillip,2022-02-19,phillip@hotmail.com,23480984176538,197.22,you
899,Patricia,2022-01-27,patricia@yahoo.com,23480688990003,150.39,fight
900,Jesse,2022-06-15,jesse@gmail.com,23490136934857,420.29,surface
901,Gregory,2023-03-27,gregory@hotmail.com,23490001949468,331.09,trip
902,Brittany,2022-12-12,brittany@yahoo.com,23470494045255,236.17,commercial
903,Edward,2022-12-13,edward@hotmail.com,23470275423997,94.87,whom
904,Rachel,2022-11-21,rachel@gmail.com,23480723837796,74.76,beyond
905,Bryan,2022-11-12,bryan@gmail.com,23480854885265,131.87,improve
906,Kathleen,2022-03-08,kathleen@yahoo.com,23480150561921,215.35,figure
907,Brittany,2022-11-28,brittany@gmail.com,23470626165962,165.24,consumer
908,John,2022-10-25,john@hotmail.com,23470313507666,442.17,something
909,Joseph,2023-01-14,joseph@yahoo.com,23481754298321,197.57,discuss
910,Cindy,2023-01-03,cindy@gmail.com,23481462202311,458.05,stage
911,Matthew,2022-09-26,matthew@yahoo.com,23481817936662,301.09,involve
912,Juan,2023-04-22,juan@yahoo.com,23480237660426,362.13,identify
913,David,2023-01-09,david@gmail.com,23480884786942,154.29,until
914,Chris,2022-11-09,chris@yahoo.com,23480480984307,389.1,benefit
915,Arthur,2022-03-12,arthur@hotmail.com,23490089233654,27.84,star
916,Ronnie,2023-04-21,ronnie@hotmail.com,23490139526514,326.84,above
917,Cynthia,2023-06-27,cynthia@yahoo.com,23480850984771,435.5,major
918,Joshua,2022-12-16,joshua@yahoo.com,23480026210366,469.45,throughout
919,Linda,2023-09-28,linda@hotmail.com,23480598898627,39.69,item
920,Jo,2023-04-26,jo@gmail.com,23470942670771,318.21,reduce
921,Edward,2023-02-09,edward@hotmail.com,23490255752662,37.09,check
922,Ashley,2022-11-12,ashley@yahoo.com,23480987872126,486.18,three
923,Jamie,2023-09-21,jamie@yahoo.com,23481050188585,32.04,past
924,David,2023-09-08,david@hotmail.com,23470459611259,180.02,financial
925,Margaret,2022-03-31,margaret@yahoo.com,23480814286263,151.16,everyone
926,Dave,2022-04-05,dave@hotmail.com,23490980661325,50.55,shoulder
927,Amy,2022-04-20,amy@gmail.com,23470587474700,52.24,dinner
928,Helen,2022-07-26,helen@hotmail.com,23490691533646,179.78,fill
929,Bryce,2022-09-19,bryce@gmail.com,23470725345654,467.44,natural
930,Aaron,2022-07-23,aaron@yahoo.com,23470956100433,313.09,chair
931,Tonya,2022-04-24,tonya@gmail.com,23480785695557,234.95,almost
932,Emily,2023-07-18,emily@yahoo.com,23480600853882,470.54,sort
933,Monique,2022-11-02,monique@gmail.com,23470422329369,478.18,lead
934,Tiffany,2023-07-21,tiffany@hotmail.com,23480147643220,192.8,film
935,Samantha,2022-08-29,samantha@hotmail.com,23490105100323,207.14,game
936,David,2022-07-29,david@hotmail.com,23481608327025,174.23,forward
937,Jodi,2022-12-06,jodi@yahoo.com,23470558089833,198.34,message
938,Susan,2022-04-11,susan@yahoo.com,23480096473066,227.36,responsibility
939,Ryan,2022-10-28,ryan@gmail.com,23470607321115,44.32,citizen
940,Daniel,2022-02-02,daniel@gmail.com,23481427333595,358.82,near
941,Rebecca,2022-07-16,rebecca@hotmail.com,23470111634824,241.81,skin
942,Ana,2022-06-13,ana@hotmail.com,23470976025894,427.35,land
943,Linda,2023-08-22,linda@gmail.com,23481042994235,469.11,adult
944,Teresa,2022-01-31,teresa@gmail.com,23470800180329,474.77,somebody
945,Eric,2022-10-05,eric@hotmail.com,23481019518288,357.18,degree
946,Chelsea,2023-06-15,chelsea@gmail.com,23480047700685,367.65,consider
947,Duane,2023-08-13,duane@hotmail.com,23481138372811,441.41,attorney
948,Jeremy,2022-12-06,jeremy@gmail.com,23480923443795,148.6,amount
949,Nathan,2023-09-27,nathan@gmail.com,23470087300619,313.34,check
950,Michelle,2023-01-19,michelle@hotmail.com,23490975530035,385.94,bar
951,Eric,2023-06-03,eric@gmail.com,23470552292953,447.37,plan
952,Michael,2023-08-27,michael@yahoo.com,23470555000698,197.77,side
953,Jack,2023-05-25,jack@hotmail.com,23481334319077,400.44,perhaps
954,Regina,2022-11-04,regina@yahoo.com,23470665180441,308.78,movement
955,Jennifer,2022-11-25,jennifer@hotmail.com,23470588848693,42.89,there
956,Kyle,2023-07-25,kyle@gmail.com,23490722545949,103.43,cut
957,Paula,2023-04-06,paula@yahoo.com,23481310191127,353.67,personal
958,Kimberly,2022-07-23,kimberly@hotmail.com,23480926219449,490.84,might
959,Bryan,2023-01-11,bryan@hotmail.com,23481191614283,210.59,away
960,Amy,2022-06-12,amy@hotmail.com,23480793993819,203.99,get
961,George,2022-11-22,george@gmail.com,23490816022106,443.61,my
962,Martin,2023-07-18,martin@yahoo.com,23490923196979,382.2,American
963,Amy,2022-10-19,amy@gmail.com,23490502104985,70.72,walk
964,Gary,2023-08-15,gary@hotmail.com,23481177730834,177.53,different
965,Amy,2022-06-24,amy@yahoo.com,23470132889691,210.25,issue
966,Courtney,2022-01-22,courtney@gmail.com,23480281879574,412.19,lay
967,Steven,2023-08-28,steven@gmail.com,23481965494878,128.75,old
968,Elizabeth,2022-12-05,elizabeth@hotmail.com,23490695313720,387.96,girl
969,Jessica,2022-07-06,jessica@yahoo.com,23481610667299,220.71,wonder
970,Kurt,2023-05-05,kurt@gmail.com,23481211084830,153.32,heart
971,Kevin,2023-04-06,kevin@hotmail.com,23490042469404,123.23,sport
972,Angela,2022-12-25,angela@gmail.com,23470068714507,157.49,himself
973,Catherine,2023-03-10,catherine@hotmail.com,23480213732489,209.66,however
974,Donald,2022-05-16,donald@yahoo.com,23470076840943,188.84,rock
975,Stephanie,2023-03-26,stephanie@hotmail.com,23481862975598,277.71,medical
976,Amber,2023-05-01,amber@yahoo.com,23490955299190,378.63,part
977,Barbara,2022-11-02,barbara@gmail.com,23470938664639,168.44,teach
978,Debra,2022-12-30,debra@gmail.com,23470410786954,19.88,series
979,Charles,2022-04-04,charles@hotmail.com,23470509751880,142.15,listen
980,Lydia,2022-03-03,lydia@hotmail.com,23470088335780,16.66,garden
981,Michele,2023-09-28,michele@yahoo.com,23470668340327,184.08,only
982,Calvin,2023-06-03,calvin@gmail.com,23470513090731,174.32,month
983,Austin,2022-05-10,austin@gmail.com,23470485013767,315.93,tonight
984,Alicia,2023-06-08,alicia@yahoo.com,23480617915622,93.84,entire
985,Theresa,2022-09-25,theresa@yahoo.com,23481164630310,292.51,subject
986,Erika,2022-12-25,erika@hotmail.com,23481504229403,145.91,husband
987,Tammy,2022-08-08,tammy@hotmail.com,23490191668759,363.51,evening
988,Stephen,2022-08-05,stephen@hotmail.com,23480929490286,405.06,seat
989,Theresa,2023-02-16,theresa@gmail.com,23470262919758,371.8,thank
990,Tiffany,2023-03-01,tiffany@hotmail.com,23490200996654,384.68,then
991,Joseph,2023-06-09,joseph@hotmail.com,23470591563350,428.08,blood
992,Christina,2023-03-24,christina@yahoo.com,23490839352861,463.05,artist
993,Angela,2023-01-12,angela@gmail.com,23470769402961,289.4,question
994,Drew,2022-11-19,drew@hotmail.com,23481265790278,182.59,expect
995,Christina,2022-09-08,christina@gmail.com,23480940649581,381.43,father
996,Susan,2022-03-12,susan@hotmail.com,23480861678350,258.31,man
997,Randy,2022-11-03,randy@hotmail.com,23470889963030,152.7,blood
998,Rebecca,2023-02-10,rebecca@yahoo.com,23470566167473,12.92,story
999,Jamie,2023-09-18,jamie@yahoo.com,23470836156780,201.64,Mrs
1000,Andrew,2023-09-05,andrew@gmail.com,23480288989383,249.59,teach
